keyword,coef
중국,-1.2442392009235972
나토,-1.0711314038214024
안보,-0.7495316290621128
필요,-0.7121243019798041
정상화,-0.6625044550154463
도전,-0.6517755563837383
사건,-0.6486112641396347
정부,-0.6262992745171704
해킹,-0.6235848080389303
백신,-0.6029564338345854
노동부,-0.5819609475989751
시간제,-0.5819609475989751
내년,-0.577997722117064
속도,-0.577997722117064
시급,-0.577997722117064
심의,-0.577997722117064
올핸,-0.577997722117064
정해,-0.577997722117064
표기,-0.577997722117064
보고,-0.574352018328824
