keyword,coef
경연,0.7770429699955712
감소,0.7770429699955712
최대,0.7502568903573246
주식,0.7455106913971337
대통령,0.739484372348593
친구,0.6895030151322445
학대,0.6826568160571364
동거,0.6826568160571364
고작,0.6826568160571364
감금,0.6826568160571364
언택트,0.6794359301545339
투자자,0.6369796254126678
쌍용차,0.6369796254126678
방일,0.6352542968782117
결정,0.6264814181490789
도쿄올림픽,0.6140106892845971
방북,0.6074312996182837
그날,0.6074312996182837
교황,0.6074312996182837
식사,0.5693183597004583
